id,line
,"SecRule TX:DETECTION_PARANOIA_LEVEL ""@lt 1"" ""id:942011,phase:1,pass,nolog,tag:'OWASP_CRS',ver:'OWASP_CRS/4.12.0',skipAfter:END-REQUEST-942-APPLICATION-ATTACK-SQLI"""
,"SecRule TX:DETECTION_PARANOIA_LEVEL ""@lt 1"" ""id:942012,phase:2,pass,nolog,tag:'OWASP_CRS',ver:'OWASP_CRS/4.12.0',skipAfter:END-REQUEST-942-APPLICATION-ATTACK-SQLI"""
,"SecRule REQUEST_COOKIES|!REQUEST_COOKIES:/__utm/|REQUEST_COOKIES_NAMES|REQUEST_HEADERS:User-Agent|REQUEST_HEADERS:Referer|ARGS_NAMES|ARGS|XML:/* ""@detectSQLi"" \"
,"SecRule REQUEST_COOKIES|!REQUEST_COOKIES:/__utm/|REQUEST_COOKIES_NAMES|ARGS_NAMES|ARGS|XML:/* ""@rx (?i)\b(?:d(?:atabas|b_nam)e[^0-9A-Z_a-z]*\(|(?:information_schema|m(?:aster\.\.sysdatabases|s(?:db|ys(?:ac(?:cess(?:objects|storage|xml)|es)|modules2?|(?:object|querie|relationship)s))|ysql\.db)|northwind|pg_(?:catalog|toast)|tempdb)\b|s(?:chema(?:_name\b|[^0-9A-Z_a-z]*\()|(?:qlite_(?:temp_)?master|ys(?:aux|\.database_name))\b))"" \"
,"SecRule REQUEST_COOKIES|!REQUEST_COOKIES:/__utm/|REQUEST_COOKIES_NAMES|ARGS_NAMES|ARGS|XML:/* ""@rx (?i)\b(?:a(?:dd(?:dat|tim)e|es_(?:de|en)crypt|s(?:cii(?:str)?|in)|tan2?)|b(?:enchmark|i(?:n_to_num|t_(?:and|count|length|x?or)))|c(?:har(?:acter)?_length|iel(?:ing)?|o(?:alesce|ercibility|llation|(?:mpres)?s|n(?:cat(?:_ws)?|nection_id|v(?:ert_tz)?)|t)|r32|ur(?:(?:dat|tim)e|rent_(?:date|setting|time(?:stamp)?|user)))|d(?:a(?:t(?:abase(?:_to_xml)?|e(?:_(?:add|format|sub)|diff))|y(?:name|of(?:month|week|year)))|count|e(?:code|s_(?:de|en)crypt)|ump)|e(?:n(?:c(?:ode|rypt)|ds_?with)|x(?:p(?:ort_set)?|tract(?:value)?))|f(?:i(?:el|n)d_in_set|ound_rows|rom_(?:base64|days|unixtime))|g(?:e(?:ometrycollection|t(?:_(?:format|lock)|pgusername))|(?:r(?:eates|oup_conca)|tid_subse)t)|hex(?:toraw)?|i(?:fnull|n(?:et6?_(?:aton|ntoa)|s(?:ert|tr)|terval)|s(?:_(?:(?:free|used)_lock|ipv(?:4(?:_(?:compat|mapped))?|6)|n(?:ot(?:_null)?|ull)|superuser)|null))|json(?:_(?:a(?:gg|rray(?:_(?:elements(?:_text)?|length))?)|build_(?:array|object)|e(?:ac|xtract_pat)h(?:_text)?|object(?:_(?:agg|keys))?|populate_record(?:set)?|strip_nulls|t(?:o_record(?:set)?|ypeof))|b(?:_(?:array(?:_(?:elements(?:_text)?|length))?|build_(?:array|object)|e(?:ac|xtract_pat)h(?:_text)?|insert|object(?:_(?:agg|keys))?|p(?:ath_(?:(?:exists|match)(?:_tz)?|query(?:_(?:(?:array|first)(?:_tz)?|tz))?)|opulate_record(?:set)?|retty)|s(?:et(?:_lax)?|trip_nulls)|t(?:o_record(?:set)?|ypeof)))?|path)?|l(?:ast_(?:day|inser_id)|case|east|i(?:kely|nestring)|o(?:_(?:from_bytea|put)|ad_file|ca(?:ltimestamp|te)|g(?:10|2))|pad|trim)|m(?:a(?:ke(?:_set|date)|ster_pos_wait)|d5|i(?:crosecon)?d|onthname|ulti(?:linestring|po(?:int|lygon)))|n(?:ame_const|ot_in|ullif)|o(?:ct(?:et_length)?|(?:ld_passwo)?rd)|p(?:eriod_(?:add|diff)|g_(?:client_encoding|(?:databas|read_fil)e|l(?:argeobject|s_dir)|sleep|user)|o(?:lygon|w)|rocedure_analyse)|qu(?:ery_to_xml|ote)|r(?:a(?:dians|nd|wtohex)|elease_lock|ow_(?:count|to_json)|pad|trim)|s(?:chema|e(?:c_to_time|ssion_user)|ha[12]?|in|oundex|q(?:lite_(?:compileoption_(?:get|used)|source_id)|rt)|t(?:arts_?with|d(?:dev_(?:po|sam)p)?|r(?:_to_date|cmp))|ub(?:(?:dat|tim)e|str(?:ing(?:_index)?)?)|ys(?:date|tem_user))|t(?:ime(?:_(?:format|to_sec)|diff|stamp(?:add|diff)?)|o(?:_(?:base64|jsonb?)|n?char|(?:day|second)s)|r(?:im|uncate))|u(?:case|n(?:compress(?:ed_length)?|hex|i(?:str|x_timestamp))|(?:pdatexm|se_json_nul)l|tc_(?:date|time(?:stamp)?)|uid(?:_short)?)|var(?:_(?:po|sam)p|iance)|we(?:ek(?:day|ofyear)|ight_string)|xmltype|yearweek)[^0-9A-Z_a-z]*\("" \"
,"SecRule REQUEST_FILENAME|REQUEST_COOKIES|!REQUEST_COOKIES:/__utm/|REQUEST_COOKIES_NAMES|ARGS_NAMES|ARGS|XML:/* ""@rx (?i:sleep\(\s*?\d*?\s*?\)|benchmark\(.*?\,.*?\))"" \"
,"SecRule REQUEST_COOKIES|!REQUEST_COOKIES:/__utm/|REQUEST_COOKIES_NAMES|ARGS_NAMES|ARGS|XML:/* ""@rx (?i)(?:select|;)[\s\x0b]+(?:benchmark|if|sleep)[\s\x0b]*?\([\s\x0b]*?\(?[\s\x0b]*?[0-9A-Z_a-z]+"" \"
,"SecRule REQUEST_COOKIES|!REQUEST_COOKIES:/__utm/|REQUEST_COOKIES_NAMES|ARGS_NAMES|ARGS|XML:/* ""@rx (?i)[\""'`](?:[\s\x0b]*![\s\x0b]*[\""'0-9A-Z_-z]|;?[\s\x0b]*(?:having|select|union\b[\s\x0b]*(?:all|(?:distin|sele)ct))\b[\s\x0b]*[^\s\x0b])|\b(?:(?:(?:c(?:onnection_id|urrent_user)|database|schema|user)[\s\x0b]*?|select.*?[0-9A-Z_a-z]?user)\(|exec(?:ute)?[\s\x0b]+master\.|from[^0-9A-Z_a-z]+information_schema[^0-9A-Z_a-z]|into[\s\x0b\+]+(?:dump|out)file[\s\x0b]*?[\""'`]|union(?:[\s\x0b]select[\s\x0b]@|[\s\x0b\(0-9A-Z_a-z]*?select))|[\s\x0b]*?exec(?:ute)?.*?[^0-9A-Z_a-z]xp_cmdshell|[^0-9A-Z_a-z]iif[\s\x0b]*?\("" \"
,"SecRule REQUEST_COOKIES|!REQUEST_COOKIES:/__utm/|REQUEST_COOKIES_NAMES|ARGS_NAMES|ARGS|XML:/* ""@rx ^(?i:-0000023456|4294967295|4294967296|2147483648|2147483647|0000012345|-2147483648|-2147483649|0000023456|2.2250738585072007e-308|2.2250738585072011e-308|1e309)$"" \"
,"SecRule REQUEST_COOKIES|!REQUEST_COOKIES:/__utm/|REQUEST_COOKIES_NAMES|ARGS_NAMES|ARGS|XML:/* ""@rx (?i)[\s\x0b\(\)]case[\s\x0b]+when.*?then|\)[\s\x0b]*?like[\s\x0b]*?\(|select.*?having[\s\x0b]*?[^\s\x0b]+[\s\x0b]*?[^\s\x0b0-9A-Z_a-z]|if[\s\x0b]?\([0-9A-Z_a-z]+[\s\x0b]*?[<->~]"" \"
,"SecRule REQUEST_COOKIES|!REQUEST_COOKIES:/__utm/|REQUEST_COOKIES_NAMES|ARGS_NAMES|ARGS|XML:/* ""@rx (?i)alter[\s\x0b]*?[0-9A-Z_a-z]+.*?char(?:acter)?[\s\x0b]+set[\s\x0b]+[0-9A-Z_a-z]+|[\""'`](?:;*?[\s\x0b]*?waitfor[\s\x0b]+(?:time|delay)[\s\x0b]+[\""'`]|;.*?:[\s\x0b]*?goto)"" \"
,"SecRule REQUEST_COOKIES|!REQUEST_COOKIES:/__utm/|REQUEST_COOKIES_NAMES|ARGS_NAMES|ARGS|XML:/* ""@rx (?i:merge.*?using\s*?\(|execute\s*?immediate\s*?[\""'`]|match\s*?[\w(),+-]+\s*?against\s*?\()"" \"
,"SecRule REQUEST_COOKIES|!REQUEST_COOKIES:/__utm/|REQUEST_COOKIES_NAMES|ARGS_NAMES|ARGS|XML:/* ""@rx (?i)union.*?select.*?from"" \"
,"SecRule REQUEST_COOKIES|!REQUEST_COOKIES:/__utm/|REQUEST_COOKIES_NAMES|ARGS_NAMES|ARGS|XML:/* ""@rx (?i)select[\s\x0b]*?pg_sleep|waitfor[\s\x0b]*?delay[\s\x0b]?[\""'`]+[\s\x0b]?[0-9]|;[\s\x0b]*?shutdown[\s\x0b]*?(?:[#;\{]|/\*|--)"" \"
,"SecRule REQUEST_COOKIES|!REQUEST_COOKIES:/__utm/|REQUEST_COOKIES_NAMES|ARGS_NAMES|ARGS|XML:/* ""@rx (?i)\[?\$(?:n(?:e|in?|o[rt])|e(?:q|xists|lemMatch)|l(?:te?|ike)|mod|a(?:ll|nd)|(?:s(?:iz|lic)|wher)e|t(?:ype|ext)|x?or|div|between|regex|jsonSchema)\]?"" \"
,"SecRule REQUEST_COOKIES|!REQUEST_COOKIES:/__utm/|REQUEST_COOKIES_NAMES|ARGS_NAMES|ARGS|XML:/* ""@rx (?i)create[\s\x0b]+(?:function|procedure)[\s\x0b]*?[0-9A-Z_a-z]+[\s\x0b]*?\([\s\x0b]*?\)[\s\x0b]*?-|d(?:eclare[^0-9A-Z_a-z]+[#@][\s\x0b]*?[0-9A-Z_a-z]+|iv[\s\x0b]*?\([\+\-]*[\s\x0b\.0-9]+,[\+\-]*[\s\x0b\.0-9]+\))|exec[\s\x0b]*?\([\s\x0b]*?@|(?:lo_(?:impor|ge)t|procedure[\s\x0b]+analyse)[\s\x0b]*?\(|;[\s\x0b]*?(?:declare|open)[\s\x0b]+[\-0-9A-Z_a-z]+|::(?:b(?:igint|ool)|double[\s\x0b]+precision|int(?:eger)?|numeric|oid|real|(?:tex|smallin)t)"" \"
,"SecRule REQUEST_COOKIES|!REQUEST_COOKIES:/__utm/|REQUEST_COOKIES_NAMES|ARGS_NAMES|ARGS|XML:/* ""@rx (?i)create[\s\x0b]+function[\s\x0b].+[\s\x0b]returns|;[\s\x0b]*?(?:alter|(?:(?:cre|trunc|upd)at|renam)e|d(?:e(?:lete|sc)|rop)|(?:inser|selec)t|load)\b[\s\x0b]*?[\(\[]?[0-9A-Z_a-z]{2,}"" \"
,"SecRule REQUEST_COOKIES|!REQUEST_COOKIES:/__utm/|REQUEST_COOKIES_NAMES|ARGS_NAMES|ARGS|XML:/* ""@rx (?i)\b(?:(?:alter|(?:(?:cre|trunc|upd)at|renam)e|de(?:lete|sc)|(?:inser|selec)t|load)[\s\x0b]+(?:char|group_concat|load_file)\b[\s\x0b]*\(?|end[\s\x0b]*?\);)|[\s\x0b\(]load_file[\s\x0b]*?\(|[\""'`][\s\x0b]+regexp[^0-9A-Z_a-z]|[\""'0-9A-Z_-z][\s\x0b]+as\b[\s\x0b]*[\""'0-9A-Z_-z]+[\s\x0b]*\bfrom|^[^A-Z_a-z]+[\s\x0b]*?(?:(?:(?:(?:cre|trunc)at|renam)e|d(?:e(?:lete|sc)|rop)|(?:inser|selec)t|load)[\s\x0b]+[0-9A-Z_a-z]+|u(?:pdate[\s\x0b]+[0-9A-Z_a-z]+|nion[\s\x0b]*(?:all|(?:sele|distin)ct)\b)|alter[\s\x0b]*(?:a(?:(?:ggregat|pplication[\s\x0b]*rol)e|s(?:sembl|ymmetric[\s\x0b]*ke)y|u(?:dit|thorization)|vailability[\s\x0b]*group)|b(?:roker[\s\x0b]*priority|ufferpool)|c(?:ertificate|luster|o(?:l(?:latio|um)|nversio)n|r(?:edential|yptographic[\s\x0b]*provider))|d(?:atabase|efault|i(?:mension|skgroup)|omain)|e(?:(?:ndpoi|ve)nt|xte(?:nsion|rnal))|f(?:lashback|oreign|u(?:lltext|nction))|hi(?:erarchy|stogram)|group|in(?:dex(?:type)?|memory|stance)|java|l(?:a(?:ngua|r)ge|ibrary|o(?:ckdown|g(?:file[\s\x0b]*group|in)))|m(?:a(?:s(?:k|ter[\s\x0b]*key)|terialized)|e(?:ssage[\s\x0b]*type|thod)|odule)|(?:nicknam|queu)e|o(?:perator|utline)|p(?:a(?:ckage|rtition)|ermission|ro(?:cedur|fil)e)|r(?:e(?:mot|sourc)e|o(?:l(?:e|lback)|ute))|s(?:chema|e(?:arch|curity|rv(?:er|ice)|quence|ssion)|y(?:mmetric[\s\x0b]*key|nonym)|togroup)|t(?:able(?:space)?|ext|hreshold|r(?:igger|usted)|ype)|us(?:age|er)|view|w(?:ork(?:load)?|rapper)|x(?:ml[\s\x0b]*schema|srobject))\b)"" \"
,"SecRule REQUEST_COOKIES|!REQUEST_COOKIES:/__utm/|REQUEST_COOKIES_NAMES|ARGS_NAMES|ARGS|XML:/* ""@rx (?i)/\*[\s\x0b]*?[!\+](?:[\s\x0b\(\)\-0-9=A-Z_a-z]+)?\*/"" \"
,"SecRule REQUEST_COOKIES|!REQUEST_COOKIES:/__utm/|REQUEST_COOKIES_NAMES|ARGS_NAMES|ARGS|XML:/* ""@rx ^(?:[^']*'|[^\""]*\""|[^`]*`)[\s\x0b]*;"" \"
,"SecRule REQUEST_COOKIES|!REQUEST_COOKIES:/__utm/|REQUEST_COOKIES_NAMES|ARGS_NAMES|ARGS|XML:/* ""@rx (?i)1\.e[\(\),]"" \"
,"SecRule REQUEST_FILENAME|REQUEST_COOKIES|!REQUEST_COOKIES:/__utm/|REQUEST_COOKIES_NAMES|ARGS_NAMES|ARGS|XML:/* ""@rx [\""'`][\[\{].*[\]\}][\""'`].*(::.*jsonb?)?.*(?:(?:@|->?)>|<@|\?[&\|]?|#>>?|[<>]|<-)|(?:(?:@|->?)>|<@|\?[&\|]?|#>>?|[<>]|<-)[\""'`][\[\{].*[\]\}][\""'`]|json_extract.*\(.*\)"" \"
,"SecRule TX:DETECTION_PARANOIA_LEVEL ""@lt 2"" ""id:942013,phase:1,pass,nolog,tag:'OWASP_CRS',ver:'OWASP_CRS/4.12.0',skipAfter:END-REQUEST-942-APPLICATION-ATTACK-SQLI"""
,"SecRule TX:DETECTION_PARANOIA_LEVEL ""@lt 2"" ""id:942014,phase:2,pass,nolog,tag:'OWASP_CRS',ver:'OWASP_CRS/4.12.0',skipAfter:END-REQUEST-942-APPLICATION-ATTACK-SQLI"""
,"SecRule ARGS_NAMES|ARGS|REQUEST_FILENAME|XML:/* ""@rx (?i)[!=]=|&&|\|\||->|>[=>]|<(?:[<=]|>(?:[\s\x0b]+binary)?)|\b(?:(?:xor|r(?:egexp|like)|i(?:snull|like)|notnull)\b|collate(?:[^0-9A-Z_a-z]*?(?:U&)?[\""'`]|[^0-9A-Z_a-z]+(?:(?:binary|nocase|rtrim)\b|[0-9A-Z_a-z]*?_))|(?:likel(?:ihood|y)|unlikely)[\s\x0b]*\()|r(?:egexp|like)[\s\x0b]+binary|not[\s\x0b]+between[\s\x0b]+(?:0[\s\x0b]+and|(?:'[^']*'|\""[^\""]*\"")[\s\x0b]+and[\s\x0b]+(?:'[^']*'|\""[^\""]*\""))|is[\s\x0b]+null|like[\s\x0b]+(?:null|[0-9A-Z_a-z]+[\s\x0b]+escape\b)|(?:^|[^0-9A-Z_a-z])in[\s\x0b\+]*\([\s\x0b\""0-9]+[^\(\)]*\)|[!<->][\s\x0b]*all\b"" \"
,"SecRule ARGS_NAMES|ARGS|XML:/* ""@rx (?i)[\s\x0b\""'-\)`]*?\b([0-9A-Z_a-z]+)\b[\s\x0b\""'-\)`]*?(?:=|<=>|(?:sounds[\s\x0b]+)?like|glob|r(?:like|egexp))[\s\x0b\""'-\)`]*?\b([0-9A-Z_a-z]+)\b"" \"
,"SecRule TX:1 ""@streq %{TX.2}"" \"
,"SecRule ARGS_NAMES|ARGS|XML:/* ""@rx (?i)[\s\x0b\""'-\)`]*?\b([0-9A-Z_a-z]+)\b[\s\x0b\""'-\)`]*?(?:![<->]|<[=>]?|>=?|\^|is[\s\x0b]+not|not[\s\x0b]+(?:like|r(?:like|egexp)))[\s\x0b\""'-\)`]*?\b([0-9A-Z_a-z]+)\b"" \"
,"SecRule TX:1 ""!@streq %{TX.2}"" \"
,"SecRule REQUEST_COOKIES|!REQUEST_COOKIES:/__utm/|REQUEST_COOKIES_NAMES|ARGS_NAMES|ARGS|XML:/* ""@rx (?i)\b(?:json(?:_[0-9A-Z_a-z]+)?|a(?:bs|(?:cos|sin)h?|tan[2h]?|vg)|c(?:eil(?:ing)?|h(?:a(?:nges|r(?:set)?)|r)|o(?:alesce|sh?|unt)|ast)|d(?:e(?:grees|fault)|a(?:te|y))|exp|f(?:loor(?:avg)?|ormat|ield)|g(?:lob|roup_concat)|h(?:ex|our)|i(?:f(?:null)?|if|n(?:str)?)|l(?:ast(?:_insert_rowid)?|ength|ike(?:l(?:ihood|y))?|n|o(?:ad_extension|g(?:10|2)?|wer(?:pi)?|cal)|trim)|m(?:ax|in(?:ute)?|o(?:d|nth))|n(?:ullif|ow)|p(?:i|ow(?:er)?|rintf|assword)|quote|r(?:a(?:dians|ndom(?:blob)?)|e(?:p(?:lace|eat)|verse)|ound|trim|ight)|s(?:i(?:gn|nh?)|oundex|q(?:lite_(?:compileoption_(?:get|used)|offset|source_id|version)|rt)|u(?:bstr(?:ing)?|m)|econd|leep)|t(?:anh?|otal(?:_changes)?|r(?:im|unc)|ypeof|ime)|u(?:n(?:icode|likely)|(?:pp|s)er)|zeroblob|bin|v(?:alues|ersion)|week|year)[^0-9A-Z_a-z]*\("" \"
,"SecRule REQUEST_COOKIES|!REQUEST_COOKIES:/__utm/|REQUEST_COOKIES_NAMES|ARGS_NAMES|ARGS|XML:/* ""@rx (?i)(?:/\*)+[\""'`]+[\s\x0b]?(?:--|[#\{]|/\*)?|[\""'`](?:[\s\x0b]*(?:(?:x?or|and|div|like|between)[\s\x0b\-0-9A-Z_a-z]+[\(\)\+-\-<->][\s\x0b]*[\""'0-9`]|[!=\|](?:[\s\x0b!\+\-0-9=]+.*?[\""'\(`].*?|[\s\x0b!0-9=]+.*?[0-9]+)$|(?:like|print)[^0-9A-Z_a-z]+[\""'\(0-9A-Z_-z]|;)|(?:[<>~]+|[\s\x0b]*[^\s\x0b0-9A-Z_a-z]?=[\s\x0b]*|[^0-9A-Z_a-z]*?[\+=]+[^0-9A-Z_a-z]*?)[\""'`])|[0-9][\""'`][\s\x0b]+[\""'`][\s\x0b]+[0-9]|^admin[\s\x0b]*?[\""'`]|[\s\x0b\""'\(`][\s\x0b]*?glob[^0-9A-Z_a-z]+[\""'\(0-9A-Z_-z]|[\s\x0b]is[\s\x0b]*?0[^0-9A-Z_a-z]|where[\s\x0b][\s\x0b,-\.0-9A-Z_a-z]+[\s\x0b]="" \"
,"SecRule REQUEST_COOKIES|!REQUEST_COOKIES:/__utm/|REQUEST_COOKIES_NAMES|REQUEST_HEADERS:User-Agent|REQUEST_HEADERS:Referer|ARGS_NAMES|ARGS|XML:/* ""@rx (?i),.*?[\""'\)0-9`-f][\""'`](?:[\""'`].*?[\""'`]|(?:\r?\n)?\z|[^\""'`]+)|[^0-9A-Z_a-z]select.+[^0-9A-Z_a-z]*?from|(?:alter|(?:(?:cre|trunc|upd)at|renam)e|d(?:e(?:lete|sc)|rop)|(?:inser|selec)t|load)[\s\x0b]*?\([\s\x0b]*?space[\s\x0b]*?\("" \"
,"SecRule REQUEST_COOKIES|!REQUEST_COOKIES:/__utm/|REQUEST_COOKIES_NAMES|ARGS_NAMES|ARGS|XML:/* ""@rx (?i)(?:&&|\|\||and|between|div|like|n(?:and|ot)|(?:xx?)?or)[\s\x0b\(]+[0-9A-Z_a-z]+[\s\x0b\)]*?[!\+=]+[\s\x0b0-9]*?[\""'-\)=`]|[0-9](?:[\s\x0b]*?(?:and|between|div|like|x?or)[\s\x0b]*?[0-9]+[\s\x0b]*?[\+\-]|[\s\x0b]+group[\s\x0b]+by.+\()|/[0-9A-Z_a-z]+;?[\s\x0b]+(?:and|between|div|having|like|x?or|select)[^0-9A-Z_a-z]|(?:[#;]|--)[\s\x0b]*?(?:alter|drop|(?:insert|update)[\s\x0b]*?[0-9A-Z_a-z]{2,})|@.+=[\s\x0b]*?\([\s\x0b]*?select|[^0-9A-Z_a-z]SET[\s\x0b]*?@[0-9A-Z_a-z]+"" \"
,"SecRule REQUEST_COOKIES|!REQUEST_COOKIES:/__utm/|REQUEST_COOKIES_NAMES|ARGS_NAMES|ARGS|XML:/* ""@rx (?i)[\""'`][\s\x0b]*?(?:(?:and|n(?:and|ot)|(?:xx?)?or|div|like|between|\|\||&&)[\s\x0b]+[\s\x0b0-9A-Z_a-z]+=[\s\x0b]*?[0-9A-Z_a-z]+[\s\x0b]*?having[\s\x0b]+|like[^0-9A-Z_a-z]*?[\""'0-9`])|[0-9A-Z_a-z][\s\x0b]+like[\s\x0b]+[\""'`]|like[\s\x0b]*?[\""'`]%|select[\s\x0b]+?[\s\x0b\""'-\),-\.0-9A-\[\]_-z]+from[\s\x0b]+"" \"
,"SecRule REQUEST_COOKIES|!REQUEST_COOKIES:/__utm/|REQUEST_COOKIES_NAMES|ARGS_NAMES|ARGS|XML:/* ""@rx (?i)\)[\s\x0b]*?when[\s\x0b]*?[0-9]+[\s\x0b]*?then|[\""'`][\s\x0b]*?(?:[#\{]|--)|/\*![\s\x0b]?[0-9]+|\b(?:(?:binary|cha?r)[\s\x0b]*?\([\s\x0b]*?[0-9]|(?:and|n(?:and|ot)|(?:xx?)?or|div|like|between|r(?:egexp|like))[\s\x0b]+[0-9A-Z_a-z]+\()|(?:\|\||&&)[\s\x0b]*?[0-9A-Z_a-z]+\("" \"
,"SecRule REQUEST_COOKIES|!REQUEST_COOKIES:/__utm/|REQUEST_COOKIES_NAMES|ARGS_NAMES|ARGS|XML:/* ""@rx (?i)(?:\([\s\x0b]*?select[\s\x0b]*?[0-9A-Z_a-z]+|coalesce|order[\s\x0b]+by[\s\x0b]+if[0-9A-Z_a-z]*?)[\s\x0b]*?\(|\*/from|\+[\s\x0b]*?[0-9]+[\s\x0b]*?\+[\s\x0b]*?@|[0-9A-Z_a-z][\""'`][\s\x0b]*?(?:(?:[\+\-=@\|]+[\s\x0b]+?)+|[\+\-=@\|]+)[\(0-9]|@@[0-9A-Z_a-z]+[\s\x0b]*?[^\s\x0b0-9A-Z_a-z]|[^0-9A-Z_a-z]!+[\""'`][0-9A-Z_a-z]|[\""'`](?:;[\s\x0b]*?(?:if|while|begin)|[\s\x0b0-9]+=[\s\x0b]*?[0-9])|[\s\x0b\(]+case[0-9]*?[^0-9A-Z_a-z].+[tw]hen[\s\x0b\(]"" \"
,"SecRule REQUEST_COOKIES|!REQUEST_COOKIES:/__utm/|REQUEST_COOKIES_NAMES|ARGS_NAMES|ARGS|XML:/* ""@rx (?i)[\""'`][\s\x0b]*?\b(?:x?or|div|like|between|and)\b[\s\x0b]*?[\""'`]?[0-9]|\x5cx(?:2[37]|3d)|^(?:.?[\""'`]$|[\""'\x5c`]*?(?:[\""'0-9`]+|[^\""'`]+[\""'`])[\s\x0b]*?\b(?:and|n(?:and|ot)|(?:xx?)?or|div|like|between|\|\||&&)\b[\s\x0b]*?[\""'0-9A-Z_-z][!&\(\)\+-\.@])|[^\s\x0b0-9A-Z_a-z][0-9A-Z_a-z]+[\s\x0b]*?[\-\|][\s\x0b]*?[\""'`][\s\x0b]*?[0-9A-Z_a-z]|@(?:[0-9A-Z_a-z]+[\s\x0b]+(?:and|x?or|div|like|between)\b[\s\x0b]*?[\""'0-9`]+|[\-0-9A-Z_a-z]+[\s\x0b](?:and|x?or|div|like|between)\b[\s\x0b]*?[^\s\x0b0-9A-Z_a-z])|[^\s\x0b0-:A-Z_a-z][\s\x0b]*?[0-9][^0-9A-Z_a-z]+[^\s\x0b0-9A-Z_a-z][\s\x0b]*?[\""'`].|[^0-9A-Z_a-z]information_schema|table_name[^0-9A-Z_a-z]"" \"
,"SecRule REQUEST_COOKIES|!REQUEST_COOKIES:/__utm/|REQUEST_COOKIES_NAMES|ARGS_NAMES|ARGS|XML:/* ""@rx (?i)in[\s\x0b]*?\(+[\s\x0b]*?select|(?:(?:N?AND|X?X?OR|DIV|LIKE|BETWEEN|NOT)[\s\x0b]+|(?:\|\||&&)[\s\x0b]*)[\s\x0b\+0-9A-Z_a-z]+(?:regexp[\s\x0b]*?\(|sounds[\s\x0b]+like[\s\x0b]*?[\""'`]|[0-9=]+x)|[\""'`](?:[\s\x0b]*?(?:[0-9][\s\x0b]*?(?:--|#)|is[\s\x0b]*?(?:[0-9].+[\""'`]?[0-9A-Z_a-z]|[\.0-9]+[\s\x0b]*?[^0-9A-Z_a-z].*?[\""'`]))|[%&<->\^]+[0-9][\s\x0b]*?(?:=|x?or|div|like|between|and)|(?:[^0-9A-Z_a-z]+[\+\-0-9A-Z_a-z]+[\s\x0b]*?=[\s\x0b]*?[0-9][^0-9A-Z_a-z]+|\|?[\-0-9A-Z_a-z]{3,}[^\s\x0b,\.0-9A-Z_a-z]+)[\""'`]|[\s\x0b]*(?:(?:N?AND|X?X?OR|DIV|LIKE|BETWEEN|NOT)[\s\x0b]+|(?:\|\||&&)[\s\x0b]*)(?:array[\s\x0b]*\[|[0-9A-Z_a-z]+(?:[\s\x0b]*!?~|[\s\x0b]+(?:not[\s\x0b]+)?similar[\s\x0b]+to[\s\x0b]+)|(?:tru|fals)e\b))|\bexcept[\s\x0b]+(?:select\b|values[\s\x0b]*?\()"" \"
,"SecRule REQUEST_COOKIES|!REQUEST_COOKIES:/__utm/|REQUEST_COOKIES_NAMES|ARGS_NAMES|ARGS|XML:/* ""@rx (?i:^[\W\d]+\s*?(?:alter|union)\b)"" \"
,"SecRule REQUEST_COOKIES|!REQUEST_COOKIES:/__utm/|REQUEST_COOKIES_NAMES|ARGS_NAMES|ARGS|XML:/* ""@rx (?i)(?:alter|(?:(?:cre|trunc|upd)at|renam)e|de(?:lete|sc)|(?:inser|selec)t|load)[\s\x0b]+(?:char|group_concat|load_file)[\s\x0b]?\(?|end[\s\x0b]*?\);|[\s\x0b\(]load_file[\s\x0b]*?\(|[\""'`][\s\x0b]+regexp[^0-9A-Z_a-z]|[^A-Z_a-z][\s\x0b]+as\b[\s\x0b]*[\""'0-9A-Z_-z]+[\s\x0b]*\bfrom|^[^A-Z_a-z]+[\s\x0b]*?(?:create[\s\x0b]+[0-9A-Z_a-z]+|(?:d(?:e(?:lete|sc)|rop)|(?:inser|selec)t|load|(?:renam|truncat)e|u(?:pdate|nion[\s\x0b]*(?:all|(?:sele|distin)ct))|alter[\s\x0b]*(?:a(?:(?:ggregat|pplication[\s\x0b]*rol)e|s(?:sembl|ymmetric[\s\x0b]*ke)y|u(?:dit|thorization)|vailability[\s\x0b]*group)|b(?:roker[\s\x0b]*priority|ufferpool)|c(?:ertificate|luster|o(?:l(?:latio|um)|nversio)n|r(?:edential|yptographic[\s\x0b]*provider))|d(?:atabase|efault|i(?:mension|skgroup)|omain)|e(?:(?:ndpoi|ve)nt|xte(?:nsion|rnal))|f(?:lashback|oreign|u(?:lltext|nction))|hi(?:erarchy|stogram)|group|in(?:dex(?:type)?|memory|stance)|java|l(?:a(?:ngua|r)ge|ibrary|o(?:ckdown|g(?:file[\s\x0b]*group|in)))|m(?:a(?:s(?:k|ter[\s\x0b]*key)|terialized)|e(?:ssage[\s\x0b]*type|thod)|odule)|(?:nicknam|queu)e|o(?:perator|utline)|p(?:a(?:ckage|rtition)|ermission|ro(?:cedur|fil)e)|r(?:e(?:mot|sourc)e|o(?:l(?:e|lback)|ute))|s(?:chema|e(?:arch|curity|rv(?:er|ice)|quence|ssion)|y(?:mmetric[\s\x0b]*key|nonym)|togroup)|t(?:able(?:space)?|ext|hreshold|r(?:igger|usted)|ype)|us(?:age|er)|view|w(?:ork(?:load)?|rapper)|x(?:ml[\s\x0b]*schema|srobject)))\b)"" \"
,"SecRule REQUEST_COOKIES|!REQUEST_COOKIES:/__utm/|REQUEST_COOKIES_NAMES|REQUEST_HEADERS:Referer|REQUEST_HEADERS:User-Agent|ARGS_NAMES|ARGS|XML:/* ""@rx (?i)[\""'`](?:[\s\x0b]*?(?:(?:\*.+(?:x?or|div|like|between|(?:an|i)d)[^0-9A-Z_a-z]*?[\""'`]|(?:x?or|div|like|between|and)[\s\x0b][^0-9]+[\-0-9A-Z_a-z]+.*?)[0-9]|[^\s\x0b0-9\?A-Z_a-z]+[\s\x0b]*?[^\s\x0b0-9A-Z_a-z]+[\s\x0b]*?[\""'`]|[^\s\x0b0-9A-Z_a-z]+[\s\x0b]*?[^A-Z_a-z].*?(?:#|--))|.*?\*[\s\x0b]*?[0-9])|\^[\""'`]|[%\(-\+\-<>][\-0-9A-Z_a-z]+[^\s\x0b0-9A-Z_a-z]+[\""'`][^,]"" \"
,"SecRule REQUEST_COOKIES|!REQUEST_COOKIES:/__utm/|!REQUEST_COOKIES:/_pk_ref/|REQUEST_COOKIES_NAMES|ARGS_NAMES|ARGS|XML:/* ""@rx (?i)\b(?:having\b(?:[\s\x0b]+(?:[0-9]{1,10}|'[^=]{1,10}')[\s\x0b]*?[<->]| ?(?:[0-9]{1,10} ?[<->]+|[\""'][^=]{1,10}[ \""'<-\?\[]+))|ex(?:ecute(?:\(|[\s\x0b]{1,5}[\$\.0-9A-Z_a-z]{1,5}[\s\x0b]{0,3})|ists[\s\x0b]*?\([\s\x0b]*?select\b)|(?:create[\s\x0b]+?table.{0,20}?|like[^0-9A-Z_a-z]*?char[^0-9A-Z_a-z]*?)\()|select.*?case|from.*?limit|order[\s\x0b]by|exists[\s\x0b](?:[\s\x0b]select|s(?:elect[^\s\x0b](?:if(?:null)?[\s\x0b]\(|top|concat)|ystem[\s\x0b]\()|\bhaving\b[\s\x0b]+[0-9]{1,10}|'[^=]{1,10}')"" \"
,"SecRule REQUEST_COOKIES|!REQUEST_COOKIES:/__utm/|!REQUEST_COOKIES:/_pk_ref/|REQUEST_COOKIES_NAMES|ARGS_NAMES|ARGS|XML:/* ""@rx (?i)\b(?:or\b(?:[\s\x0b]?(?:[0-9]{1,10}|[\""'][^=]{1,10}[\""'])[\s\x0b]?[<->]+|[\s\x0b]+(?:[0-9]{1,10}|'[^=]{1,10}')(?:[\s\x0b]*?[<->])?)|xor\b[\s\x0b]+(?:[0-9]{1,10}|'[^=]{1,10}')(?:[\s\x0b]*?[<->])?)|'[\s\x0b]+x?or[\s\x0b]+.{1,20}[!\+\-<->]"" \"
,"SecRule REQUEST_COOKIES|!REQUEST_COOKIES:/__utm/|!REQUEST_COOKIES:/_pk_ref/|REQUEST_COOKIES_NAMES|ARGS_NAMES|ARGS|XML:/* ""@rx (?i)\band\b(?:[\s\x0b]+(?:[0-9]{1,10}[\s\x0b]*?[<->]|'[^=]{1,10}')| ?(?:[0-9]{1,10}|[\""'][^=]{1,10}[\""']) ?[<->]+)"" \"
,"SecRule REQUEST_COOKIES|!REQUEST_COOKIES:/__utm/|!REQUEST_COOKIES:/_pk_ref/|REQUEST_COOKIES_NAMES|ARGS_NAMES|ARGS|XML:/* ""@rx (?i)\b(?:a(?:(?:b|co)s|dd(?:dat|tim)e|es_(?:de|en)crypt|s(?:in|cii(?:str)?)|tan2?|vg)|b(?:enchmark|i(?:n(?:_to_num)?|t_(?:and|count|length|x?or)))|c(?:ast|h(?:ar(?:(?:acter)?_length|set)?|r)|iel(?:ing)?|o(?:alesce|ercibility|(?:mpres)?s|n(?:cat(?:_ws)?|nection_id|v(?:ert(?:_tz)?)?)|(?:un)?t)|r32|ur(?:(?:dat|tim)e|rent_(?:date|time(?:stamp)?|user)))|d(?:a(?:t(?:abase|e(?:_(?:add|format|sub)|diff)?)|y(?:name|of(?:month|week|year))?)|count|e(?:code|(?:faul|s_(?:de|en)cryp)t|grees)|ump)|e(?:lt|nc(?:ode|rypt)|x(?:p(?:ort_set)?|tract(?:value)?))|f(?:i(?:eld(?:_in_set)?|nd_in_set)|loor|o(?:rmat|und_rows)|rom_(?:base64|days|unixtime))|g(?:et_(?:format|lock)|r(?:eates|oup_conca)t)|h(?:ex(?:toraw)?|our)|i(?:f(?:null)?|n(?:et6?_(?:aton|ntoa)|s(?:ert|tr)|terval)?|s(?:_(?:(?:free|used)_lock|ipv(?:4(?:_(?:compat|mapped))?|6)|n(?:ot(?:_null)?|ull))|null)?)|l(?:ast(?:_(?:day|insert_id))?|case|e(?:(?:as|f)t|ngth)|n|o(?:ad_file|ca(?:l(?:timestamp)?|te)|g(?:10|2)?|wer)|pad|trim)|m(?:a(?:ke(?:date|_set)|ster_pos_wait|x)|d5|i(?:(?:crosecon)?d|n(?:ute)?)|o(?:d|nth(?:name)?))|n(?:ame_const|o(?:t_in|w)|ullif)|o(?:ct(?:et_length)?|(?:ld_passwo)?rd)|p(?:assword|eriod_(?:add|diff)|g_sleep|i|o(?:sition|w(?:er)?)|rocedure_analyse)|qu(?:arter|ote)|r(?:a(?:dians|nd|wto(?:hex|nhex(?:toraw)?))|e(?:lease_lock|p(?:eat|lace)|verse)|ight|o(?:und|w_count)|pad|trim)|s(?:chema|e(?:c(?:ond|_to_time)|ssion_user)|ha[12]?|ig?n|leep|oundex|pace|qrt|t(?:d(?:dev(?:_(?:po|sam)p)?)?|r(?:cmp|_to_date))|u(?:b(?:(?:dat|tim)e|str(?:ing(?:_index)?)?)|m)|ys(?:date|tem_user))|t(?:an|ime(?:diff|_(?:format|to_sec)|stamp(?:add|diff)?)?|o_(?:base64|n?char|(?:day|second)s)|r(?:im|uncate))|u(?:case|n(?:compress(?:ed_length)?|hex|ix_timestamp)|p(?:datexml|per)|ser|tc_(?:date|time(?:stamp)?)|uid(?:_short)?)|v(?:a(?:lues|r(?:iance|_(?:po|sam)p))|ersion)|we(?:ek(?:day|ofyear)?|ight_string)|xmltype|year(?:week)?)[^0-9A-Z_a-z]*?\("" \"
,"SecRule REQUEST_COOKIES|!REQUEST_COOKIES:/__utm/|!REQUEST_COOKIES:/_pk_ref/|REQUEST_COOKIES_NAMES|ARGS_NAMES|ARGS|XML:/* ""@rx (?i)autonomous_transaction|(?:current_use|n?varcha|tbcreato)r|db(?:a_users|ms_java)|open(?:owa_util|query|rowset)|s(?:p_(?:(?:addextendedpro|sqlexe)c|execute(?:sql)?|help|is_srvrolemember|makewebtask|oacreate|p(?:assword|repare)|replwritetovarbin)|ql_(?:longvarchar|variant))|utl_(?:file|http)|xp_(?:availablemedia|(?:cmdshel|servicecontro)l|dirtree|e(?:numdsn|xecresultset)|filelist|loginconfig|makecab|ntsec(?:_enumdomains)?|reg(?:addmultistring|delete(?:key|value)|enum(?:key|value)s|re(?:ad|movemultistring)|write)|terminate(?:_process)?)"" \"
,"SecRule REQUEST_COOKIES|!REQUEST_COOKIES:/__utm/|!REQUEST_COOKIES:/_pk_ref/|REQUEST_COOKIES_NAMES|REQUEST_HEADERS|ARGS_NAMES|ARGS|XML:/* ""@rx (?i)\b(?:(?:d(?:bms_[0-9A-Z_a-z]+\.|elete\b[^0-9A-Z_a-z]*?\bfrom)|(?:group\b.*?\bby\b.{1,100}?\bhav|overlay\b[^0-9A-Z_a-z]*?\(.*?\b[^0-9A-Z_a-z]*?plac)ing|in(?:ner\b[^0-9A-Z_a-z]*?\bjoin|sert\b[^0-9A-Z_a-z]*?\binto|to\b[^0-9A-Z_a-z]*?\b(?:dump|out)file)|load\b[^0-9A-Z_a-z]*?\bdata\b.*?\binfile|s(?:elect\b.{1,100}?\b(?:(?:.*?\bdump\b.*|(?:count|length)\b.{1,100}?)\bfrom|(?:data_typ|from\b.{1,100}?\bwher)e|instr|to(?:_(?:cha|numbe)r|p\b.{1,100}?\bfrom))|ys_context)|u(?:nion\b.{1,100}?\bselect|tl_inaddr))\b|print\b[^0-9A-Z_a-z]*?@@)|(?:collation[^0-9A-Z_a-z]*?\(a|@@version|;[^0-9A-Z_a-z]*?\b(?:drop|shutdown))\b|'(?:dbo|msdasql|s(?:a|qloledb))'"" \"
,"SecRule ARGS_NAMES|ARGS|XML:/* ""@rx ((?:[~!@#\$%\^&\*\(\)\-\+=\{\}\[\]\|:;\""'´’‘`<>][^~!@#\$%\^&\*\(\)\-\+=\{\}\[\]\|:;\""'´’‘`<>]*?){12})"" \"
,"SecRule ARGS_GET:fbclid ""@rx [a-zA-Z0-9_-]{61,61}"" \"
,"SecRule ARGS_GET:gclid ""@rx [a-zA-Z0-9_-]{91,91}"" \"
,"SecRule REQUEST_COOKIES|!REQUEST_COOKIES:/__utm/|!REQUEST_COOKIES:/_pk_ref/|REQUEST_COOKIES_NAMES|ARGS_NAMES|ARGS|XML:/* ""@rx /\*!?|\*/|[';]--|--(?:[\s\x0b]|[^\-]*?-)|[^&\-]#.*?[\s\x0b]|;?\x00"" \"
,"SecRule MATCHED_VARS ""!@rx ^ey[\-0-9A-Z_a-z]+\.ey[\-0-9A-Z_a-z]+\.[\-0-9A-Z_a-z]+$"" \"
,"SecRule REQUEST_COOKIES|!REQUEST_COOKIES:/__utm/|!REQUEST_COOKIES:/_pk_ref/|REQUEST_COOKIES_NAMES|ARGS_NAMES|ARGS|XML:/* ""@rx (?i:\b0x[a-f\d]{3,})"" \"
,"SecRule REQUEST_COOKIES|!REQUEST_COOKIES:/__utm/|REQUEST_COOKIES_NAMES|ARGS_NAMES|ARGS|XML:/* ""@rx (?:`(?:(?:[\w\s=_\-+{}()<@]){2,29}|(?:[A-Za-z0-9+/]{4})+(?:[A-Za-z0-9+/]{2}==|[A-Za-z0-9+/]{3}=)?)`)"" \"
,"SecRule REQUEST_COOKIES|!REQUEST_COOKIES:/__utm/|REQUEST_COOKIES_NAMES|ARGS_NAMES|ARGS|XML:/* ""@rx (?i)[\""'`][\s\x0b]*?(?:(?:is[\s\x0b]+not|not[\s\x0b]+(?:like|glob|(?:betwee|i)n|null|regexp|match)|mod|div|sounds[\s\x0b]+like)\b|[%&\*\+\-/<->\^\|]{1,3})"" \"
,"SecRule REQUEST_HEADERS:User-Agent|REQUEST_HEADERS:Referer|ARGS_NAMES|ARGS|XML:/* ""@rx (?i)^(?:[^']*?(?:'[^']*?'[^']*?)*?'|[^\""]*?(?:\""[^\""]*?\""[^\""]*?)*?\""|[^`]*?(?:`[^`]*?`[^`]*?)*?`)[\s\x0b]*([0-9A-Z_a-z]+)\b"" \"
,"SecRule TX:1 ""@rx ^(?:and|or)$"" \"
,"SecRule ARGS_NAMES|ARGS|XML:/* ""@rx ^.*?\x5c['\""`](?:.*?['\""`])?\s*(?:and|or)\b"" \"
,"SecRule REQUEST_BASENAME|REQUEST_FILENAME ""@detectSQLi"" \"
,"SecRule REQUEST_HEADERS:Referer|REQUEST_HEADERS:User-Agent ""@rx (?i)\b(?:a(?:dd(?:dat|tim)e|es_(?:de|en)crypt|s(?:cii(?:str)?|in)|tan2?)|b(?:enchmark|i(?:n_to_num|t_(?:and|count|length|x?or)))|c(?:har(?:acter)?_length|iel(?:ing)?|o(?:alesce|ercibility|llation|(?:mpres)?s|n(?:cat(?:_ws)?|nection_id|v(?:ert(?:_tz)?)?)|t)|r32|ur(?:(?:dat|tim)e|rent_(?:date|setting|time(?:stamp)?|user)))|d(?:a(?:t(?:abase(?:_to_xml)?|e(?:_(?:add|format|sub)|diff))|y(?:name|of(?:month|week|year)))|count|e(?:code|grees|s_(?:de|en)crypt)|ump)|e(?:lt|n(?:c(?:ode|rypt)|ds_?with)|x(?:p(?:ort_set)?|tract(?:value)?))|f(?:i(?:el|n)d_in_set|ound_rows|rom_(?:base64|days|unixtime))|g(?:e(?:ometrycollection|t(?:_(?:format|lock)|pgusername))|(?:r(?:eates|oup_conca)|tid_subse)t)|hex(?:toraw)?|i(?:fnull|n(?:et6?_(?:aton|ntoa)|s(?:ert|tr)|terval)|s(?:_(?:(?:free|used)_lock|ipv(?:4(?:_(?:compat|mapped))?|6)|n(?:ot(?:_null)?|ull)|superuser)|null))|json(?:_(?:a(?:gg|rray(?:_(?:elements(?:_text)?|length))?)|build_(?:array|object)|e(?:ac|xtract_pat)h(?:_text)?|object(?:_(?:agg|keys))?|populate_record(?:set)?|strip_nulls|t(?:o_record(?:set)?|ypeof))|b(?:_(?:array(?:_(?:elements(?:_text)?|length))?|build_(?:array|object)|object(?:_(?:agg|keys))?|e(?:ac|xtract_pat)h(?:_text)?|insert|p(?:ath_(?:(?:exists|match)(?:_tz)?|query(?:_(?:(?:array|first)(?:_tz)?|tz))?)|opulate_record(?:set)?|retty)|s(?:et(?:_lax)?|trip_nulls)|t(?:o_record(?:set)?|ypeof)))?|path)?|l(?:ast_(?:day|inser_id)|case|e(?:as|f)t|i(?:kel(?:ihood|y)|nestring)|o(?:_(?:from_bytea|put)|ad_file|ca(?:ltimestamp|te)|g(?:10|2)|wer)|pad|trim)|m(?:a(?:ke(?:_set|date)|ster_pos_wait)|d5|i(?:crosecon)?d|onthname|ulti(?:linestring|po(?:int|lygon)))|n(?:ame_const|ot_in|ullif)|o(?:ct(?:et_length)?|(?:ld_passwo)?rd)|p(?:eriod_(?:add|diff)|g_(?:client_encoding|(?:databas|read_fil)e|l(?:argeobject|s_dir)|sleep|user)|o(?:(?:lyg|siti)on|w)|rocedure_analyse)|qu(?:arter|ery_to_xml|ote)|r(?:a(?:dians|nd|wtohex)|elease_lock|ow_(?:count|to_json)|pad|trim)|s(?:chema|e(?:c_to_time|ssion_user)|ha[12]?|in|oundex|pace|q(?:lite_(?:compileoption_(?:get|used)|source_id)|rt)|t(?:arts_?with|d(?:dev_(?:po|sam)p)?|r(?:_to_date|cmp))|ub(?:(?:dat|tim)e|str(?:ing(?:_index)?)?)|ys(?:date|tem_user))|t(?:ime(?:_(?:format|to_sec)|diff|stamp(?:add|diff)?)|o(?:_(?:base64|jsonb?)|n?char|(?:day|second)s)|r(?:im|uncate))|u(?:case|n(?:compress(?:ed_length)?|hex|i(?:str|x_timestamp)|likely)|(?:pdatexm|se_json_nul)l|tc_(?:date|time(?:stamp)?)|uid(?:_short)?)|var(?:_(?:po|sam)p|iance)|we(?:ek(?:day|ofyear)|ight_string)|xmltype|yearweek)[^0-9A-Z_a-z]*\("" \"
,"SecRule REQUEST_HEADERS:Referer|REQUEST_HEADERS:User-Agent ""@rx (?i)create[\s\x0b]+(?:function|procedure)[\s\x0b]*?[0-9A-Z_a-z]+[\s\x0b]*?\([\s\x0b]*?\)[\s\x0b]*?-|d(?:eclare[^0-9A-Z_a-z]+[#@][\s\x0b]*?[0-9A-Z_a-z]+|iv[\s\x0b]*?\([\+\-]*[\s\x0b\.0-9]+,[\+\-]*[\s\x0b\.0-9]+\))|exec[\s\x0b]*?\([\s\x0b]*?@|(?:lo_(?:impor|ge)t|procedure[\s\x0b]+analyse)[\s\x0b]*?\(|;[\s\x0b]*?(?:declare|open)[\s\x0b]+[\-0-9A-Z_a-z]+|::(?:b(?:igint|ool)|double[\s\x0b]+precision|int(?:eger)?|numeric|oid|real|(?:tex|smallin)t)"" \"
,"SecRule TX:DETECTION_PARANOIA_LEVEL ""@lt 3"" ""id:942015,phase:1,pass,nolog,tag:'OWASP_CRS',ver:'OWASP_CRS/4.12.0',skipAfter:END-REQUEST-942-APPLICATION-ATTACK-SQLI"""
,"SecRule TX:DETECTION_PARANOIA_LEVEL ""@lt 3"" ""id:942016,phase:2,pass,nolog,tag:'OWASP_CRS',ver:'OWASP_CRS/4.12.0',skipAfter:END-REQUEST-942-APPLICATION-ATTACK-SQLI"""
,"SecRule REQUEST_COOKIES|!REQUEST_COOKIES:/__utm/|REQUEST_COOKIES_NAMES|ARGS_NAMES|ARGS|XML:/* ""@rx (?i)\W+\d*?\s*?\bhaving\b\s*?[^\s\-]"" \"
,"SecRule REQUEST_COOKIES|!REQUEST_COOKIES:/__utm/|REQUEST_COOKIES_NAMES|ARGS_NAMES|ARGS|XML:/* ""@rx [\""'`][\s\d]*?[^\w\s]\W*?\d\W*?.*?[\""'`\d]"" \"
,"SecRule REQUEST_COOKIES|!REQUEST_COOKIES:/__utm/|!REQUEST_COOKIES:/_pk_ref/|REQUEST_COOKIES_NAMES ""@rx ((?:[~!@#\$%\^&\*\(\)\-\+=\{\}\[\]\|:;\""'´’‘`<>][^~!@#\$%\^&\*\(\)\-\+=\{\}\[\]\|:;\""'´’‘`<>]*?){8})"" \"
,"SecRule ARGS_NAMES|ARGS|XML:/* ""@rx ((?:[~!@#\$%\^&\*\(\)\-\+=\{\}\[\]\|:;\""'´’‘`<>][^~!@#\$%\^&\*\(\)\-\+=\{\}\[\]\|:;\""'´’‘`<>]*?){6})"" \"
,"SecRule ARGS ""@rx \W{4}"" \"
,"SecRule REQUEST_COOKIES|!REQUEST_COOKIES:/__utm/|REQUEST_COOKIES_NAMES|ARGS_NAMES|ARGS|XML:/* ""@rx (?:'(?:(?:[\w\s=_\-+{}()<@]){2,29}|(?:[A-Za-z0-9+/]{4})+(?:[A-Za-z0-9+/]{2}==|[A-Za-z0-9+/]{3}=)?)')"" \"
,"SecRule REQUEST_COOKIES|!REQUEST_COOKIES:/__utm/|REQUEST_COOKIES_NAMES|ARGS_NAMES|ARGS|XML:/* ""@rx ';"" \"
,"SecRule TX:DETECTION_PARANOIA_LEVEL ""@lt 4"" ""id:942017,phase:1,pass,nolog,tag:'OWASP_CRS',ver:'OWASP_CRS/4.12.0',skipAfter:END-REQUEST-942-APPLICATION-ATTACK-SQLI"""
,"SecRule TX:DETECTION_PARANOIA_LEVEL ""@lt 4"" ""id:942018,phase:2,pass,nolog,tag:'OWASP_CRS',ver:'OWASP_CRS/4.12.0',skipAfter:END-REQUEST-942-APPLICATION-ATTACK-SQLI"""
,"SecRule REQUEST_COOKIES|!REQUEST_COOKIES:/__utm/|!REQUEST_COOKIES:/_pk_ref/|REQUEST_COOKIES_NAMES ""@rx ((?:[~!@#\$%\^&\*\(\)\-\+=\{\}\[\]\|:;\""'´’‘`<>][^~!@#\$%\^&\*\(\)\-\+=\{\}\[\]\|:;\""'´’‘`<>]*?){3})"" \"
,"SecRule ARGS_NAMES|ARGS|XML:/* ""@rx ((?:[~!@#\$%\^&\*\(\)\-\+=\{\}\[\]\|:;\""'´’‘`<>][^~!@#\$%\^&\*\(\)\-\+=\{\}\[\]\|:;\""'´’‘`<>]*?){2})"" \"
